url,file,title,description,canonical,og_title,og_description,h1,h2
"/about","about.html","About Aveda Institute","","","","","",""
"/contact","contact.html","Book A Services Appointment","","","","","",""
"/faq","faq.html","Lawn Care & Landscaping FAQs | Blue Lawns","Find answers to common questions about lawn care, landscaping, pricing, packages, and services. Learn how Blue Lawns makes outdoor care easy.","https://www.bluelawns.com/faq","Lawn Care & Landscaping FAQs | Blue Lawns","Find answers to common questions about lawn care, landscaping, pricing, packages, and services. Learn how Blue Lawns makes outdoor care easy.","Landscaping Services: Frequently Asked Questions","What our clients say"
"/","index.html","Aveda Institute","","","","","",""
"/knowledge/base/belgian/block/the/ideal/landscaping/accent/for/coastal/homes","knowledge-base-belgian-block-the-ideal-landscaping-accent-for-coastal-homes.html","Belgian Block: The Ideal Landscaping Accent for Coastal Homes","When it comes to coastal landscaping, certain challenges arise, primarily - the unpredictability of the elements. Island properties deal with a number of elements - the salty air, the wind, and nuisance flooding. The choices made in landscaping need to not only complement the natural beauty of the surroundings but also offer resilience to seasonal challenges. Enter the Belgian Block - a garden accent that blends aesthetics and function.","https://www.bluelawns.com/knowledge-base/belgian-block-the-ideal-landscaping-accent-for-coastal-homes","Belgian Block: The Ideal Landscaping Accent for Coastal Homes","When it comes to coastal landscaping, certain challenges arise, primarily - the unpredictability of the elements. Island properties deal with a number of elements - the salty air, the wind, and nuisance flooding. The choices made in landscaping need to not only complement the natural beauty of the surroundings but also offer resilience to seasonal challenges. Enter the Belgian Block - a garden accent that blends aesthetics and function.","Belgian Block: The Ideal Landscaping Accent for Coastal Homes",""
"/knowledge/base/coastal/erosion/flooding/control","knowledge-base-coastal-erosion-flooding-control.html","Coastal Erosion & Flooding Control","Owning a home on the 7 Mile Island offers soothing ocean sounds, salty breezes, and year-round relaxation. But it also presents unique challenges including rising water during storms and potential coastal erosion for shorefront properties. At Blue Quality Lawn Care, we specialize in providing sustainable landscaping services, with custom designs and maintenance plans for all types of properties.","https://www.bluelawns.com/knowledge-base/coastal-erosion-flooding-control","Coastal Erosion & Flooding Control","Owning a home on the 7 Mile Island offers soothing ocean sounds, salty breezes, and year-round relaxation. But it also presents unique challenges including rising water during storms and potential coastal erosion for shorefront properties. At Blue Quality Lawn Care, we specialize in providing sustainable landscaping services, with custom designs and maintenance plans for all types of properties.","Coastal Erosion & Flooding Control",""
"/knowledge/base/essential/tips/for/vegetable/garden/success","knowledge-base-essential-tips-for-vegetable-garden-success.html","Essential Tips for Vegetable Garden Success","Welcome to the world of vegetable gardening along the picturesque New Jersey coast! Whether you're a seasoned gardener or a beginner with aspirations of a green thumb, this guide will walk you through the essentials of starting and maintaining a thriving vegetable garden in this unique coastal environment.","https://www.bluelawns.com/knowledge-base/essential-tips-for-vegetable-garden-success","Essential Tips for Vegetable Garden Success","Welcome to the world of vegetable gardening along the picturesque New Jersey coast! Whether you're a seasoned gardener or a beginner with aspirations of a green thumb, this guide will walk you through the essentials of starting and maintaining a thriving vegetable garden in this unique coastal environment.","Essential Tips for Vegetable Garden Success","Why a Vegetable Garden in New Jersey's Coastal Climate? | Can you grow vegetables year-round in a home garden? | Choosing the Right Location"
"/knowledge/base/fall/lawn/care/tips/essential/tips/for/a/beautiful/yard","knowledge-base-fall-lawn-care-tips-essential-tips-for-a-beautiful-yard.html","Fall Lawn Care Tips: Essential Tips for a Beautiful Yard","Prep your lawn for winter with our expert fall lawn care tips. Keep your yard healthy and vibrant all year long. Learn more on our blog!","https://www.bluelawns.com/knowledge-base/fall-lawn-care-tips-essential-tips-for-a-beautiful-yard","Fall Lawn Care Tips: Essential Tips for a Beautiful Yard","Prep your lawn for winter with our expert fall lawn care tips. Keep your yard healthy and vibrant all year long. Learn more on our blog!","Fall Lawn Care Tips: Essential Tips for a Beautiful Yard","The Importance of Fall Lawn Care in Southern New Jersey | Understanding the Process of Lawn Aeration | The Role of Fertilization in Maintaining Healthy Lawns"
"/knowledge/base/trending/hardscape/designs/in/new/jerseys/landscaping/scene","knowledge-base-trending-hardscape-designs-in-new-jerseys-landscaping-scene.html","Trending Hardscape Designs in New Jersey’s Landscaping Scene","Sustainability in Avalon & Stone Harbor, NJ has become a key design principle. Hardscape designs for these high-end properties often feature eco-friendly materials such as recycled concrete and permeable pavers. These choices not only uphold environmental responsibility but also add a unique aesthetic appeal that complements the grandeur of these properties.","https://www.bluelawns.com/knowledge-base/trending-hardscape-designs-in-new-jerseys-landscaping-scene","Trending Hardscape Designs in New Jersey’s Landscaping Scene","Sustainability in Avalon & Stone Harbor, NJ has become a key design principle. Hardscape designs for these high-end properties often feature eco-friendly materials such as recycled concrete and permeable pavers. These choices not only uphold environmental responsibility but also add a unique aesthetic appeal that complements the grandeur of these properties.","Trending Hardscape Designs in New Jersey’s Landscaping Scene",""
"/knowledge/base/winter/gardening/tips/for/coastal/landscaping","knowledge-base-winter-gardening-tips-for-coastal-landscaping.html","Winter Gardening Tips for Coastal Landscaping","Keep your coastal landscape thriving even in the winter months with our top winter gardening tips. Discover helpful insights and tricks on our blog.","https://www.bluelawns.com/knowledge-base/winter-gardening-tips-for-coastal-landscaping","Winter Gardening Tips for Coastal Landscaping","Keep your coastal landscape thriving even in the winter months with our top winter gardening tips. Discover helpful insights and tricks on our blog.","Winter Gardening Tips for Coastal Landscaping","The Coastal Landscape of Southern New Jersey | Preparing the Garden | Kale, Lettuce, Spinach, Arugula & More"
"/knowledge/base","knowledge-base.html","Lawn Care Tips & Expert Advice | Blue Lawns Knowledge Base","Explore our knowledge base for expert lawn care tips, landscaping advice, and maintenance solutions. Get helpful insights to keep your lawn healthy and beautiful.","https://www.bluelawns.com/knowledge-base","Lawn Care Tips & Expert Advice | Blue Lawns Knowledge Base","Explore our knowledge base for expert lawn care tips, landscaping advice, and maintenance solutions. Get helpful insights to keep your lawn healthy and beautiful.","Knowledge Base",""
"/membership","membership.html","Exclusive Lawn Care Memberships | Blue Lawns","Join Blue Lawns membership for tailored lawn maintenance packages, including regular cuttings, seasonal cleanups, and sprinkler services.","https://www.bluelawns.com/membership","Exclusive Lawn Care Memberships | Blue Lawns","Join Blue Lawns membership for tailored lawn maintenance packages, including regular cuttings, seasonal cleanups, and sprinkler services.","Choose Your Membership Plan","Our past projects of landscaping work | Our recent work of landscaping work | What our clients say"
"/review","review.html","Customer Reviews of Blue Lawns Services","Discover why clients trust Blue Lawns for exceptional landscaping services. Read testimonials and see our commitment to quality and reliability.","https://www.bluelawns.com/review","Customer Reviews of Blue Lawns Services","Discover why clients trust Blue Lawns for exceptional landscaping services. Read testimonials and see our commitment to quality and reliability.","","See why customers love Blue Quality Lawn Care"
"/services","services.html","Student Salon Services","","","","","",""